{"cameraMode":{"drawMode":0,"name":"Shaded","section":"Shading Mode"},"sceneLighting":false,"audioPlay":false,"sceneViewState":{"showFog":false,"showMaterialUpdate":true,"showSkybox":false,"showFlares":false,"showImageEffects":true,"showParticleSystems":true,"showVisualEffectGraphs":true,"m_FxEnabled":true},"in2DMode":false,"pivot":{"x":0.14661377668380738,"y":0.47139573097229006,"z":0.12445595860481262},"rotation":{"x":0.20565931499004365,"y":0.5433575510978699,"z":-0.13908004760742188,"w":0.802343487739563},"size":2.330482006072998,"orthographic":false}