{"cameraMode":{"drawMode":0,"name":"Shaded","section":"Shading Mode"},"sceneLighting":true,"audioPlay":false,"sceneViewState":{"showFog":false,"showMaterialUpdate":true,"showSkybox":false,"showFlares":false,"showImageEffects":true,"showParticleSystems":true,"showVisualEffectGraphs":true,"m_FxEnabled":true},"in2DMode":false,"pivot":{"x":-1.0630905628204346,"y":2.373413562774658,"z":0.4634075164794922},"rotation":{"x":-0.1681121289730072,"y":-0.000891784904524684,"z":0.00015223809168674052,"w":-0.9857931733131409},"size":8.444637298583985,"orthographic":false}