{"cameraMode":{"drawMode":0,"name":"Shaded","section":"Shading Mode"},"sceneLighting":false,"audioPlay":false,"sceneViewState":{"showFog":false,"showMaterialUpdate":true,"showSkybox":false,"showFlares":false,"showImageEffects":true,"showParticleSystems":true,"showVisualEffectGraphs":true,"m_FxEnabled":true},"in2DMode":false,"pivot":{"x":0.07529276609420777,"y":0.3099191188812256,"z":0.11319875717163086},"rotation":{"x":0.20741793513298036,"y":0.04347943887114525,"z":-0.009276743978261948,"w":0.9774050712585449},"size":3.4136300086975099,"orthographic":false}