{"cameraMode":{"drawMode":0,"name":"Shaded","section":"Shading Mode"},"sceneLighting":false,"audioPlay":false,"sceneViewState":{"showFog":false,"showMaterialUpdate":true,"showSkybox":false,"showFlares":false,"showImageEffects":true,"showParticleSystems":true,"showVisualEffectGraphs":true,"m_FxEnabled":true},"in2DMode":false,"pivot":{"x":-1.3138993978500367,"y":2.44624924659729,"z":0.2741389274597168},"rotation":{"x":0.23082861304283143,"y":0.041785627603530887,"z":-0.009972549974918366,"w":0.9722089767456055},"size":4.099084854125977,"orthographic":false}