{"cameraMode":{"drawMode":0,"name":"Shaded","section":"Shading Mode"},"sceneLighting":false,"audioPlay":false,"sceneViewState":{"showFog":false,"showMaterialUpdate":true,"showSkybox":false,"showFlares":false,"showImageEffects":true,"showParticleSystems":true,"showVisualEffectGraphs":true,"m_FxEnabled":true},"in2DMode":false,"pivot":{"x":0.009776689112186432,"y":0.044255126267671588,"z":0.019567199051380159},"rotation":{"x":0.16686584055423737,"y":0.49584802985191347,"z":-0.09689239412546158,"w":0.8470486402511597},"size":3.3000171184539797,"orthographic":false}