{"cameraMode":{"drawMode":0,"name":"Shaded","section":"Shading Mode"},"sceneLighting":false,"audioPlay":false,"sceneViewState":{"showFog":false,"showMaterialUpdate":true,"showSkybox":false,"showFlares":false,"showImageEffects":true,"showParticleSystems":true,"showVisualEffectGraphs":true,"m_FxEnabled":true},"in2DMode":false,"pivot":{"x":-0.49688923358917239,"y":-0.4724280834197998,"z":0.003499746322631836},"rotation":{"x":0.1928841471672058,"y":0.23676203191280366,"z":-0.04821229353547096,"w":0.9512057900428772},"size":2.078566789627075,"orthographic":false}